_id,name,propertyType,capacity,price,host.fullname,address.country,address.city,address.street
61ec1a2368179997ebb42a90,Cozy&clean room in Sisli next to subway,Apartment,2,158,Nur,Turkey,Istanbul,Istanbul, İstanbul, Turkey
61ec1a2368179997ebb42a91,Cozy Art Top Floor Apt in PRIME Williamsburg!,Apartment,2,175,Ade,United States,New York,Brooklyn, NY, United States
61ec1a2368179997ebb42a92,Easy 1 Bedroom in Chelsea,Apartment,2,145,Scott,United States,New York,New York, NY, United States
61ec1a2368179997ebb42a93,Homely Room in 5-Star New Condo@MTR,Condominium,2,479,Crystal,Hong Kong,Hong Kong,Mongkok, Kowloon, Hong Kong
61ec1a2368179997ebb42a94,205 Punahoa 2 Bed Condo- Oceanfront,Apartment,4,311,Zaldy,United States,Maui,Kihei, HI, United States
61ec1a2368179997ebb42a95,Mongkok Luxury Studio, New Reno *4A,Apartment,1,298,Tane Residence,Hong Kong,Hong Kong,Hong Kong, Kowloon, Hong Kong
61ec1a2368179997ebb42a96,1 sunny bedroom in large St-Henri appartment,Apartment,2,70,Kim-Sanh,Canada,Montreal,Montréal, Québec, Canada
61ec1a2368179997ebb42a97,Amazing Ocean View Condo in Wailea!,Condominium,8,345,Jim,United States,Maui,Wailea-Makena, HI, United States
61ec1a2368179997ebb42a98,B4.Walk to MTR 1 min/Economy room/Twin single bed,Apartment,2,597,Jojo,Hong Kong,Hong Kong,Hong Kong, Kowloon, Hong Kong
61ec1a2368179997ebb42a99,Nice appartement in central,Apartment,1,338,Audrey,Hong Kong,Hong Kong,Hong Kong, Hong Kong Island, Hong Kong
61ec1a2368179997ebb42a9a,cozy house and garden in the heart of Montréal,Apartment,4,64,Teodora,Canada,Montreal,Montréal, Québec, Canada
61ec1a2368179997ebb42a9b,Belle chambre à côté Metro Papineau,Apartment,2,30,Angel,Canada,Montreal,Montréal, QC, Canada
61ec1a2368179997ebb42a9c,Big, Bright & Convenient Sheung Wan,Apartment,2,966,Regg,Hong Kong,Hong Kong,Hong Kong, Hong Kong Island, Hong Kong
61ec1a2368179997ebb42a9d,Maui Beach House Chic Style with Tropical Views,Condominium,5,486,Paul,United States,Maui,Wailea-Makena, HI, United States
61ec1a2368179997ebb42a9e,Direct Beach/Ocean front, 20 Steps to the Water!,Loft,4,300,Angelica,United States,Maui,Lahaina, HI, United States
61ec1a2368179997ebb42a9f,Nişantaşı, safe, quality area.Very close to metro.,Apartment,4,417,Enis,Turkey,Istanbul,Şişli, İstanbul, Turkey
61ec1a2368179997ebb42aa0,BEST HOME in the BlueMosq area!,Serviced apartment,12,564,Ali & Argen,Turkey,Istanbul,Fatih, İstanbul, Turkey
61ec1a2368179997ebb42aa1,Nice Cosy Room In Taksim,Apartment,2,105,Nihat,Turkey,Istanbul,Taksim, Cihangir, Istanbul , Beyoğlu, Turkey
61ec1a2368179997ebb42aa2,Amazing NEW Food Lover Balcony, close to FIRA, MWC,Apartment,4,84,Kerrisdale Holdings SLU,Spain,Barcelona,Barcelona, Catalunya, Spain
61ec1a2368179997ebb42aa3,Suíte TOP frente Mar Barra posto 4 + Café da Manhã,Condominium,5,108,Assunção De Fatima,Brazil,Rio De Janeiro,Rio de Janeiro, Rio de Janeiro, Brazil
61ec1a2368179997ebb42aa4,Spacious 2 Bedroom: Soho/Escalator,Apartment,5,1703,Tara,Hong Kong,Hong Kong,Hong Kong, Hong Kong Island, Hong Kong
61ec1a2368179997ebb42aa5,Cute Attic room Beyoğlu, Istanbul,Townhouse,1,121,Fatma,Turkey,Istanbul,İstanbul, İstanbul, Turkey
61ec1a2368179997ebb42aa6,Private Room (2)  in Guest House at Coogee Beach,House,2,64,David,Australia,Sydney,Coogee, NSW, Australia
61ec1a2368179997ebb42aa7,Chic City Pad with Leafy Outlook,Apartment,2,119,Victoria,Australia,Sydney,Elizabeth Bay, NSW, Australia
61ec1a2368179997ebb42aa8,2 Bedroom Ocean Front Condo in Honokowai - Sleeps 6 - Hale Mahina #B404,Condominium,6,269,Mindy,United States,Maui,Lahaina, HI, United States
61ec1a2368179997ebb42aa9,Room on the waterfront,Condominium,2,85,Maria,Australia,Sydney,Manly, NSW, Australia
61ec1a2368179997ebb42aaa,Sea Sight Apartment Vila Chã/ Mindelo,Apartment,2,60,Anibal,Portugal,Porto,Vila Chã, Porto, Portugal
61ec1a2368179997ebb42aab,Triple Room  - Ocean's 7 Hotel,Apartment,3,148,Dilnozakhon,Turkey,Istanbul,Fatih, İstanbul, Turkey
61ec1a2368179997ebb42aac,Cozy Comfy Suite of Rockaway Beach,House,3,125,John,United States,New York,Queens, NY, United States
61ec1a2368179997ebb42aad,Twin Bed room+MTR Mongkok shopping&My,Apartment,3,400,Danny,Hong Kong,Hong Kong,Hong Kong, Kowloon, Hong Kong
61ec1a2368179997ebb42aae,Cozy Apartment near Charley Young Beach in Kihei,Apartment,2,229,Thomas,United States,Maui,Kihei, HI, United States
61ec1a2368179997ebb42aaf,YÜZME HAVUZLU VE DENİZ MANZARALI,Apartment,2,190,Vazo,Turkey,Istanbul,Istanbul maltepe cevizli , İstanbul, Turkey
61ec1a2368179997ebb42ab0,MONTJUIC FOUNTAINS APARTMENT,Apartment,6,85,Barcelona Bedroom,Spain,Barcelona,Barcelona, Catalunya, Spain
61ec1a2368179997ebb42ab1,☼☼ Lovely Colorful Studio ☼☼ Tsim Sha Tsui,Apartment,2,502,Hester,Hong Kong,Hong Kong,Hong Kong, Kowloon, Hong Kong
61ec1a2368179997ebb42ab2,Westin Kaanapali KORVN Studio  v3,Serviced apartment,4,324,Patty And Beckett,United States,Maui,Lahaina, HI, United States
61ec1a2368179997ebb42ab3,Room Close to LGA and 35 mins to Times Square,Apartment,2,46,Cheer,United States,New York,Queens, NY, United States
61ec1a2368179997ebb42ab4,Fresh and modern 1BR in Bed-Stuy,Apartment,2,79,Shaila & Alex,United States,New York,Brooklyn, NY, United States
61ec1a2368179997ebb42ab5,Cozy Chinatown studio apartment,Apartment,2,100,Maia,United States,New York,New York, NY, United States
61ec1a2368179997ebb42ab6,Sunny & Spacious 1bdrm apt,Apartment,4,149,Roshan,United States,New York,Brooklyn, NY, United States
61ec1a2368179997ebb42ab7,Beautiful Ensuite Room -Easy access to city,House,2,75,Marina,Australia,Sydney,Beaconsfield, NSW, Australia
61ec1a2368179997ebb42ab8,Hip 2BR in Downtown Montréal by Sonder,Apartment,4,90,Sonder,Canada,Montreal,Montreal, QC, Canada
61ec1a2368179997ebb42ab9,Stylish, spacious, central, shared rooftop terrace,Serviced apartment,6,129,Yaiza,Spain,Barcelona,Barcelona, Catalunya, Spain
61ec1a2368179997ebb42aba,Independent room in Rio - Carnival and Rock in Rio,Earth house,2,67,Paulo Henrique,Brazil,Rio De Janeiro,Rio de Janeiro, Rio de Janeiro, Brazil
61ec1a2368179997ebb42abb,Apartment in Ipanema with Balcony,Apartment,7,351,Armando,Brazil,Rio De Janeiro,Rio de Janeiro, Rio de Janeiro, Brazil
61ec1a2368179997ebb42abc,Brooklyn Artist Loft / Fun Location,Apartment,3,59,Joseph,United States,New York,Brooklyn, NY, United States
61ec1a2368179997ebb42abd,Puamana Ocean Breeze Bungalow,Townhouse,5,245,Elise,United States,Maui,Lahaina, HI, United States
61ec1a2368179997ebb42abe,Burgazada da çarşıya yakın daire,Apartment,4,348,Eser,Turkey,Istanbul,TR, Turkey
61ec1a2368179997ebb42abf,City Center Rooftop,Apartment,4,75,Cátia & David,Portugal,Porto,Porto, Porto, Portugal
61ec1a2368179997ebb42ac0,East Village Sanctuary,Apartment,2,200,Molly,United States,New York,New York, NY, United States
61ec1a2368179997ebb42ac1,Shiny BALCONY:)) room CENTRAL ISTANBUL ŞİŞLİ,Apartment,2,53,Erdinc,Turkey,Istanbul,Şişli, İstanbul, Turkey
61ec1a2368179997ebb42ac2,Ipanema: moderno apê 2BR + garagem,Apartment,4,298,Barbara,Brazil,Rio De Janeiro,Rio de Janeiro, Rio de Janeiro, Brazil
61ec1a2368179997ebb42ac3,The Porto Concierge - Beach Manor,Apartment,4,100,Jorge,Portugal,Porto,Porto, Porto, Portugal
61ec1a2368179997ebb42ac4,2017 , férias no Rio,House,2,250,Maria Alice,Brazil,Rio De Janeiro,Rio de Janeiro, RJ, Brazil
61ec1a2368179997ebb42ac5,18C.  NICE AND COZY 2 BEDROOMS. PERFECT LOCATION!,Apartment,4,90,Simple Stay,Canada,Montreal,Montréal, Québec, Canada
61ec1a2368179997ebb42ac6,Modern Beachside Apartment with Balcony,Apartment,6,90,David,Spain,Barcelona,Barcelona, Catalunya, Spain
61ec1a2368179997ebb42ac7,Inner City Terrace - 2 rooms 2 beds - 4 ppl.,Townhouse,4,171,Jason,Australia,Sydney,Darlington, NSW, Australia
61ec1a2368179997ebb42ac8,2BR, Walk to the Beach, 2 Lanais, Stunning Views!,Condominium,6,185,Andrew,United States,Maui,Kihei, HI, United States
61ec1a2368179997ebb42ac9,West Maui/Napili. Entire Condo. QUIET! BEACHES!,Condominium,3,125,Maria,United States,Maui,Lahaina, HI, United States
61ec1a2368179997ebb42aca,Stylish Flat in Center of Fashion,Apartment,4,369,Tugba,Turkey,Istanbul,Beşiktaş, İstanbul, Turkey
61ec1a2368179997ebb42acb,SUPERHOST- Wifi- METRO-Near Pierloti-,Apartment,2,74,Kubilay,Turkey,Istanbul,Istanbul, Istanbul Province, Turkey
61ec1a2368179997ebb42acc,Spacious 3bdrm. Artsy and Perfect Location!,Apartment,5,1146,Melanie,Hong Kong,Hong Kong,Hong Kong, Hong Kong Island, Hong Kong
61ec1a2368179997ebb42acd,Twin Room With Window,Bed and breakfast,2,283,Jim,Hong Kong,Hong Kong,Hong Kong, Kowloon, Hong Kong
61ec1a2368179997ebb42ace,Two bedroom apartment,Apartment,4,155,Mariana & Ramón,Spain,Barcelona,Barcelona, Catalunya, Spain
61ec1a2368179997ebb42acf,Westin Kaanapali KORVS 2BR OCEAN VIEW,Serviced apartment,8,799,Patty And Beckett,United States,Maui,Lahaina, HI, United States
61ec1a2368179997ebb42ad0,PORTO DOWNTOWN FLATS-RIBEIRA STUDIO,Apartment,4,55,Tim,Portugal,Porto,Porto, Porto, Portugal
61ec1a2368179997ebb42ad1,New Furnishings! Very Private! Great Deal! GC 137,Condominium,6,200,CB Island Vacations,United States,Maui,Kihei, HI, United States
61ec1a2368179997ebb42ad2,Heroísmo IV,Apartment,2,29,Apartments2Enjoy,Portugal,Porto,Porto, Porto, Portugal
61ec1a2368179997ebb42ad3,Spacious, Sunny Room in Park Slope,House,2,85,Lisah,United States,New York,Brooklyn, NY, United States
61ec1a2368179997ebb42ad4,Sydney Hyde Park City Apartment (checkin from 6am),Apartment,2,185,Desireé,Australia,Sydney,Darlinghurst, NSW, Australia
61ec1a2368179997ebb42ad5,STUDIO APARTMENT + WIFI!!!!,Apartment,2,125,Athena,Australia,Sydney,sydney, NSW, Australia
61ec1a2368179997ebb42ad6,Affordable and close to the city!,Apartment,2,65,Irene & Glenn,Australia,Sydney,Alexandria, NSW, Australia
61ec1a2368179997ebb42ad7,Beautiful Barra da Tijuca beachfront apart-hotel !,Apartment,4,746,Elnio,Brazil,Rio De Janeiro,Barra da Tijuca - Rio de Janeiro, RJ, Brazil
61ec1a2368179997ebb42ad8,Enjoy the summer at sea! Full studio at the beach,Loft,3,198,Carmella,Brazil,Rio De Janeiro,Rio de Janeiro, Rio de Janeiro, Brazil
61ec1a2368179997ebb42ad9,Contemporary Remodeled Ocean View Villa in Kapalua,Villa,2,245,Leila,United States,Maui,Lahaina, HI, United States
61ec1a2368179997ebb42ada,Charming Spacious Park Slope Studio,Guest suite,3,135,Ildiko,United States,New York,Brooklyn, NY, United States
61ec1a2368179997ebb42adb,Artsy 4BR in Plateau by Sonder,Apartment,8,152,Sonder,Canada,Montreal,Montreal, QC, Canada
61ec1a2368179997ebb42adc,One bdrm apt in Central/Sheung Wan next to Soho,Apartment,2,416,Daniel,Hong Kong,Hong Kong,Hong Kong, Hong Kong Island, Hong Kong
61ec1a2368179997ebb42add,1 Stop fr. Manhattan! Private Suite,Landmark Block,Townhouse,4,130,Orestes,United States,New York,Queens, NY, United States
61ec1a2368179997ebb42ade,Cozy and modern Lapa-studio,Apartment,2,112,Dejanira,Brazil,Rio De Janeiro,Rio de Janeiro, Rio de Janeiro, Brazil
61ec1a2368179997ebb42adf,Barra da Tijuca: cobertura ESPETACULAR,Condominium,8,1000,Monica,Brazil,Rio De Janeiro,Rio de Janeiro, Rio de Janeiro, Brazil
61ec1a2368179997ebb42ae0,Elegance and Peace in Potts Point,Apartment,2,125,Mariana,Australia,Sydney,Elizabeth Bay, NSW, Australia
61ec1a2368179997ebb42ae1,Westin Kaanapali KORVS 2BR,Serviced apartment,8,595,Patty And Beckett,United States,Maui,Lahaina, HI, United States
61ec1a2368179997ebb42ae2,Charming Apartment,perfect Location,Apartment,4,351,Fabio,Brazil,Rio De Janeiro,Rio de Janeiro, Rio de Janeiro, Brazil
61ec1a2368179997ebb42ae3,Where Castles and Art meet the Sea,Apartment,4,80,Jose,Portugal,Porto,Matosinhos, Porto, Portugal
61ec1a2368179997ebb42ae4,Downtown Montreal Fully furnished apartment WIFI,Apartment,2,35,Samuel,Canada,Montreal,Montréal, Québec, Canada
61ec1a2368179997ebb42ae5,Clean, comfortable and convenient,Apartment,6,1099,Dominique,Hong Kong,Hong Kong,Hong Kong , Causeway Bay, Hong Kong
61ec1a2368179997ebb42ae6,Peaceful Apartment near Casa da Música,Apartment,3,35,Rita,Portugal,Porto,Porto, Porto, Portugal
61ec1a2368179997ebb42ae7,Porto.arte downtown apartment 3PAX,Serviced apartment,3,60,Maria,Portugal,Porto,Porto, Porto, Portugal
61ec1a2368179997ebb42ae8,Harbourside Apartment - Water Views,Apartment,3,161,Eleanor,Australia,Sydney,North Sydney, NSW, Australia
61ec1a2368179997ebb42ae9,SUPERHOST-LARGE&CLEAN-Near Pierloti,Apartment,3,74,Kubilay,Turkey,Istanbul,Istanbul, Istanbul Province, Turkey
61ec1a2368179997ebb42aea,Luxury 1-Bdrm in Downtown Brooklyn,Apartment,2,144,Ashley,United States,New York,Brooklyn, NY, United States
61ec1a2368179997ebb42aeb,B5.Walk to MTR 1 min/Economy room/Twin single bed,Apartment,2,597,Jojo,Hong Kong,Hong Kong,Hong Kong, Kowloon, Hong Kong
61ec1a2368179997ebb42aec,IDEAL APARTMENT SAGRADA FAMILIA,Apartment,6,150,Marisa,Spain,Barcelona,Barcelona, Catalunya, Spain
61ec1a2368179997ebb42aed,São João,Apartment,5,80,Oporto Trendy Apartments,Portugal,Porto,Porto, Grande Porto, Portugal
61ec1a2368179997ebb42aee,**YOUR ROOM IN OPORTO**,Apartment,2,14,Ivo,Portugal,Porto,Porto, Porto, Portugal
61ec1a2368179997ebb42aef,Gorgeous Boutique Hotel Room in Taksim #8,Boutique hotel,2,179,Savas,Turkey,Istanbul,Beyoğlu, İstanbul, Turkey
61ec1a2368179997ebb42af0,Whole Apt. in East Williamsburg,Apartment,4,125,Guillermo,United States,New York,Brooklyn, NY, United States
61ec1a2368179997ebb42af1,Unit 414 Luxurious Top Floor Condo Great Views,Apartment,4,385,Kathy,United States,Maui,Wailuku, HI, United States
61ec1a2368179997ebb42af2,Sunny 1 or 2 BR apt in Boerum Hill,Apartment,3,189,Judy,United States,New York,Brooklyn, NY, United States
61ec1a2368179997ebb42af3,SPACIOUS RAMBLA CATALUÑA,Apartment,5,130,Celia,Spain,Barcelona,Barcelona, Catalunya, Spain
61ec1a2468179997ebb42af4,BEACH ESCAPE,House,14,689,Bailey,Australia,Sydney,Avalon Beach, NSW, Australia
61ec1a2468179997ebb42af5,Sunny Room (for One) Minutes from Coogee Beach!,Apartment,1,43,Cindy,Australia,Sydney,Randwick, NSW, Australia
61ec1a2468179997ebb42af6,★Cozy doble bedroom ★Nearby Christ the Redeemer★,House,2,52,Rafaela,Brazil,Rio De Janeiro,Rio de Janeiro, Rio de Janeiro, Brazil
61ec1a2468179997ebb42af7,Best location 1BR Apt in HK - Shops & Sights,Apartment,4,997,Simon,Hong Kong,Hong Kong,Hong Kong, Kowloon, Hong Kong
61ec1a2468179997ebb42af8,Cozy & in the heart of Kowloon,Apartment,2,691,Isabelle,Hong Kong,Hong Kong,Hong Kong, Kowloon, Hong Kong
61ec1a2468179997ebb42af9,Chic Queen Bed in 5 Star Location!,Townhouse,2,80,Jessica,Australia,Sydney,Paddington, NSW, Australia
61ec1a2468179997ebb42afa,Sunny appartment on the Plateau,Apartment,2,79,Sabrina,Canada,Montreal,Montreal, QC, Canada
61ec1a2468179997ebb42afb,Artsy Downtown Studio!,Apartment,2,30,Marie-Amelie,Canada,Montreal,Montréal, Québec, Canada
61ec1a2468179997ebb42afc,Deniz, orman ve şehir manzaralı.,House,3,527,Celal,Turkey,Istanbul,Burgazada , İstanbul, Turkey
61ec1a2468179997ebb42afd,Artsy 3BR in Plateau by Sonder,Apartment,6,177,Sonder,Canada,Montreal,Montreal, QC, Canada
61ec1a2468179997ebb42afe,Cute apt in artist's home,Apartment,2,85,Tyrome,United States,New York,Brooklyn, NY, United States
61ec1a2468179997ebb42aff,Big, glamorous, 4BR, 3-story house,House,8,499,Jon,United States,New York,Brooklyn, NY, United States
61ec1a2468179997ebb42b00,The Executive  Posh Room,House,2,90,Karlene,United States,New York,Jamaica , NY, United States
61ec1a2468179997ebb42b01,Aloha, Kihei Bay Surf, New Pool and BBQ,Condominium,4,277,John,United States,Maui,Kihei, HI, United States
61ec1a2468179997ebb42b02,Bright, Modern, Spacious Duplex Apt,Apartment,4,90,Gabriel,United States,New York,Queens, NY, United States
61ec1a2468179997ebb42b03,ORM - Chã 02 Apartment,Apartment,4,40,Oporto Rental Management,Portugal,Porto,Porto, Porto, Portugal
61ec1a2468179997ebb42b04,Elegant Flat in the Center,Apartment,2,190,Pelin,Turkey,Istanbul,Istanbul, Istanbul, Turkey
61ec1a2468179997ebb42b05,Cosy Private Room best for long stay,Boutique hotel,2,63,Secondhome,Turkey,Istanbul,Fatih, İstanbul, Turkey
61ec1a2468179997ebb42b06,Cozy Hell's Kitchen Apt,Apartment,2,125,Karen,United States,New York,New York, NY, United States
61ec1a2468179997ebb42b07,Eliseos Luxury Apartment HUTB-001281,Apartment,6,300,Schwarz,Spain,Barcelona,Barcelona, Catalunya, Spain
61ec1a2468179997ebb42b08,Catete's Colonial Big Hause Room B,House,8,250,Beatriz,Brazil,Rio De Janeiro,Rio de Janeiro, Rio de Janeiro, Brazil
61ec1a2468179997ebb42b09,listing_id: (Phone number hidden by Airbnb) THE BEST LOCATION IN LEBLON,Apartment,6,518,Patricia,Brazil,Rio De Janeiro,Rio de Janeiro, Rio de Janeiro, Brazil
61ec1a2468179997ebb42b0a,SPECTACULAR OCEAN VIEW  IN THE HEART OF KIHEI TOWN,Condominium,4,179,Todd,United States,Maui,Kihei, HI, United States
61ec1a2468179997ebb42b0b,Clarence House Apartment 1,Apartment,2,161,Joanne  & Ali,Australia,Sydney,Sydney, NSW, Australia
61ec1a2468179997ebb42b0c,Wan Chai Fully Furnished Studio,Apartment,1,322,Stephen,Hong Kong,Hong Kong,Hong Kong, Hong Kong Island, Hong Kong
61ec1a2468179997ebb42b0d,Spacious and quiet duplex apartment in Poble Sec,Apartment,7,130,Cristina,Spain,Barcelona,Barcelona, Catalunya, Spain
61ec1a2468179997ebb42b0e,Beautiful condo next to downtown/ Condo bien situé,Condominium,4,102,Sofia,Canada,Montreal,Montréal, Québec, Canada
61ec1a2468179997ebb42b0f,Artist Home by the Sea - a 4 minute walk to Beach!,Condominium,2,125,Marilyn,United States,Maui,Kihei, HI, United States
61ec1a2468179997ebb42b10,2 confortables habitaciones en el centro de BCN!,Apartment,3,35,Aliona,Spain,Barcelona,Barcelona, Catalonia, Spain
61ec1a2468179997ebb42b11,Luxury Apartment Diagonal (very sunny),Apartment,2,75,Sabrina,Spain,Barcelona,Barcelona, Catalunya, Spain
61ec1a2468179997ebb42b12,Penthouse Sands of Kahana Sandy Swimmable Beach,Condominium,9,800,Cynthia,United States,Maui,Lahaina, HI, United States
61ec1a2468179997ebb42b13,Privately Gated Oceanfront Estate,House,6,799,Kristine,United States,Maui,Wailuku, HI, United States
61ec1a2468179997ebb42b14,Boqueria - Cosy studio in Born,Serviced apartment,2,76,Leyre,Spain,Barcelona,Barcelona, Catalonia, Spain
61ec1a2468179997ebb42b15,*CoZy Private Williamsburg Home*,Apartment,4,225,Sal,United States,New York,Brooklyn, NY, United States
61ec1a2468179997ebb42b16,Loft Copacabana,Loft,4,172,Raygs,Brazil,Rio De Janeiro,Rio de Janeiro, Rio de Janeiro, Brazil
61ec1a2468179997ebb42b17,Sydney Olympic Park High Level Stunning View Apt,Apartment,6,188,Nicole,Australia,Sydney,Sydney Olympic Park, NSW, Australia
61ec1a2468179997ebb42b18,302 Kanai A Nalu Ocean front/view,Condominium,6,400,Kathy,United States,Maui,Wailuku, HI, United States
61ec1a2468179997ebb42b19,Lulapartment II,Apartment,7,60,Cristina,Portugal,Porto,Porto, Porto District, Portugal
61ec1a2468179997ebb42b1a,Little New York on Riley - 1BR Darlinghurst,Apartment,2,230,Uptown,Australia,Sydney,Darlinghurst, NSW, Australia
61ec1a2468179997ebb42b1b,O charme de estar em frente à praia,Serviced apartment,4,548,Alexandre,Brazil,Rio De Janeiro,Rio de Janeiro, RJ, Brazil
61ec1a2468179997ebb42b1c,NEW FLAT + PRIVATE ROOFTOP IN SAY YING PUN,Apartment,5,903,Jorge,Hong Kong,Hong Kong,HK, Hong Kong Island, Hong Kong
61ec1a2468179997ebb42b1d,Greystone Apartment 2,Apartment,2,353,Julie,Turkey,Istanbul,Taksim, İstanbul, Turkey
61ec1a2468179997ebb42b1e,Quarto inteiro na Tijuca,Apartment,1,149,Gilberto,Brazil,Rio De Janeiro,Rio de Janeiro, Rio de Janeiro, Brazil
61ec1a2468179997ebb42b1f,Oporto Central Flat,Apartment,4,30,Laurinda Nunes,Portugal,Porto,Porto, Porto, Portugal
61ec1a2468179997ebb42b20,AMAZING VIEWS PENTHOUSE PARK GUELL,Loft,2,61,Enrique,Spain,Barcelona,Barcelona, Catalonia, Spain
61ec1a2468179997ebb42b21,26/3 rd Casa da Música,Apartment,3,33,Margarida,Portugal,Porto,Porto, Porto, Portugal
61ec1a2468179997ebb42b22,Premium Exclusive house & garden Rua Almada,House,4,125,Zahia,Portugal,Porto,Porto, Porto, Portugal
61ec1a2468179997ebb42b23,Breathtaking Ocean Beach Condo Kaanapali , Maui!,Apartment,2,150,Karlos,United States,Maui,Lahaina, HI, United States
61ec1a2468179997ebb42b24,FloresRooms 3T,Apartment,2,31,Andreia,Portugal,Porto,Porto, Porto, Portugal
61ec1a2468179997ebb42b25,Penthouse. Terrace.,Apartment,5,87,Manuel,Spain,Barcelona,Barcelona, Catalonia, Spain
61ec1a2468179997ebb42b26,Colourful apt in Plateau/Mile End,Apartment,4,75,Toby,Canada,Montreal,Montréal, Québec, Canada
61ec1a2468179997ebb42b27,IPANEMA LUXURY PENTHOUSE with MAID,Apartment,3,858,Cesar,Brazil,Rio De Janeiro,Rio de Janeiro, Rio de Janeiro, Brazil
61ec1a2468179997ebb42b28,GREAT Apartment at Barra da Tijuca,Apartment,6,933,Luiz Henrique,Brazil,Rio De Janeiro,Rio de Janeiro, Rio de Janeiro, Brazil
61ec1a2468179997ebb42b29,Tai Hang (Causeway Bay) Sunny Aprt',Apartment,3,761,Su,Hong Kong,Hong Kong,Tai Hang (Causeway Bay), Hong Kong Island, Hong Kong
61ec1a2468179997ebb42b2a,Quaint Polynesian Style Cabin on a Working Farm,Cabin,2,60,Rev. Les,United States,Maui,Hawi, HI, United States
61ec1a2468179997ebb42b2b,Habitación indiv con cama extra,Apartment,2,49,Txus,Spain,Barcelona,Barcelona, Catalunya, Spain
61ec1a2468179997ebb42b2c,SOOTHING WAVES WITH A 180* OCEAN VIEW,Condominium,3,148,Sherry,United States,Maui,Lahaina, HI, United States
61ec1a2468179997ebb42b2d,Charming and cozy condo Plateau Mt-Royal/ McGill,Condominium,3,68,Tarek,Canada,Montreal,Montréal, Québec, Canada
61ec1a2468179997ebb42b2e,Bondi Beach Dreaming 3-Bed House,House,8,399,Cat,Australia,Sydney,Bondi Beach, NSW, Australia
61ec1a2468179997ebb42b2f,ROOM + ENSUITE INNER CITY MOD HOUSE,House,1,125,Alison,Australia,Sydney,Sydney , NSW, Australia
61ec1a2468179997ebb42b30,Sunny Bedroom in Downtown Montreal,Apartment,2,21,Cristina,Canada,Montreal,Montréal, Québec, Canada
61ec1a2468179997ebb42b31,Brick House: Unique Garden Apartment! King Bed!,Apartment,4,125,Aswad,United States,New York,Brooklyn, NY, United States
61ec1a2468179997ebb42b32,Vista magnifica mar,lagoa,montanha.,Apartment,4,209,Ana Cristina,Brazil,Rio De Janeiro,Rio de Janeiro, Rio de Janeiro, Brazil
61ec1a2468179997ebb42b33,Cozy Room at TKL MTR,Apartment,2,447,Will,Hong Kong,Hong Kong,Hong Kong, New Territories, Hong Kong
61ec1a2468179997ebb42b34,Oba Hotel istanbul Quadruple Room,Boutique hotel,4,1186,Ayhan,Turkey,Istanbul,Fatih, İstanbul, Turkey
61ec1a2468179997ebb42b35,Museum Mile 1 BR - Madison Ave,Apartment,4,133,Corporate Housing,United States,New York,New York, NY, United States
61ec1a2468179997ebb42b36,Renovated Modern Apartment with Cathedral Views,Apartment,6,199,Nina,Spain,Barcelona,Barcelona, Spain
61ec1a2468179997ebb42b37,Bright, sunny quite room Bushwick,Apartment,2,60,Louise,United States,New York,Queens, NY, United States
61ec1a2468179997ebb42b38,Allotja't en un elegant i lluminós pis modernista al costat de Passeig de Gràcia,Apartment,6,255,Lluís¬Lali,Spain,Barcelona,Barcelona, Catalonia, Spain
61ec1a2468179997ebb42b39,Mezzos Studio in Sydney CBD,Apartment,4,149,Jared SSP,Australia,Sydney,Sydney, NSW, Australia
61ec1a2468179997ebb42b3a,Sunny, private room on St. Denis,Apartment,2,20,Stephanie,Canada,Montreal,Montréal, Québec, Canada
61ec1a2468179997ebb42b3b,1 or 2 rooms with private terrace in shared flat,Apartment,4,65,Capitaine,Spain,Barcelona,Barcelona, Catalunya, Spain
61ec1a2468179997ebb42b3c,Charming Private Brooklyn Bedroom,Apartment,1,105,Kris,United States,New York,Brooklyn, NY, United States
61ec1a2468179997ebb42b3d,Double/single room, bathroom & garage in Poblenou,Apartment,2,40,Froilán,Spain,Barcelona,Barcelona, Catalunya, Spain
61ec1a2468179997ebb42b3e,Cheerful new renovated central apt,Apartment,8,264,Aybike,Turkey,Istanbul,Beyoğlu, İstanbul, Turkey
61ec1a2468179997ebb42b3f,Artist Garden Duplex Ft. Greene - 2.5 Bedroom,Apartment,8,250,Miriam,United States,New York,Brooklyn, NY, United States
61ec1a2468179997ebb42b40,Very special island bed and brunch,Bed and breakfast,4,139,Ann,Australia,Sydney,Dangar Island, NSW, Australia
61ec1a2468179997ebb42b41,Room in apartment with beautiful view, in Botafogo,Apartment,2,101,Ida,Brazil,Rio De Janeiro,Rio de Janeiro, Rio de Janeiro, Brazil
61ec1a2468179997ebb42b42,Renovated 2 Bedroom/2 Bathroom Apartment P0305,Serviced apartment,7,195,Maya,Canada,Montreal,Mont-Royal, Québec, Canada
61ec1a2468179997ebb42b43,3 Quartos Ipanema c/Piscina,Apartment,6,399,Lucas,Brazil,Rio De Janeiro,Rio de Janeiro, Rio de Janeiro, Brazil
61ec1a2468179997ebb42b44,Beautiful Area Single Room,Apartment,1,95,Marcos,Spain,Barcelona,Barcelona, CT, Spain
61ec1a2468179997ebb42b45,Feel at home.. in a cosy and warm,Apartment,2,74,Naz&Gulcin,Turkey,Istanbul,Istanbul, Istanbul Province, Turkey
61ec1a2468179997ebb42b46,linda casa com piscina em condomínio e arrumadeira,House,5,399,Luiz,Brazil,Rio De Janeiro,Rio de Janeiro, Rio de Janeiro, Brazil
61ec1a2468179997ebb42b47,Park Guell apartment with terrace,Apartment,6,85,Alexandra Y Juan,Spain,Barcelona,Barcelona, Catalunya, Spain
61ec1a2468179997ebb42b48,Executive Luxury design Apartment,Apartment,3,461,Sarah,Australia,Sydney,Woollahra, NSW, Australia
61ec1a2468179997ebb42b49,Cozy place in Hong Kong Island,Apartment,3,1499,Carmen,Hong Kong,Hong Kong,Wan Chai, Hong Kong Island, Hong Kong
61ec1a2468179997ebb42b4a,Single private room(Gray),Apartment,1,63,Ali,Turkey,Istanbul,Istanbul, Istanbul Province, Turkey
61ec1a2468179997ebb42b4b,Oceanfront Paradise Condo in Lahaina Towne,Apartment,4,215,Kerry,United States,Maui,Lahaina, HI, United States
61ec1a2468179997ebb42b4c,Lovely twin room in central flat,Apartment,2,39,Maria Eulalia,Spain,Barcelona,Barcelona, Catalunya, Spain
61ec1a2468179997ebb42b4d,Fabulous occasion orange,Apartment,2,34,Dulce,Portugal,Porto,Porto, Porto, Portugal
61ec1a2468179997ebb42b4e,Hibiscus Hideaway in Kihei,Bungalow,2,160,Samantha,United States,Maui,Kihei, HI, United States
61ec1a2468179997ebb42b4f,Studio on main entertainment street,Apartment,2,42,Maria,Canada,Montreal,Montréal, Québec, Canada
61ec1a2468179997ebb42b50,Lachine room+Free parking+Airport,Bed and breakfast,3,78,Zzh,Canada,Montreal,Montréal, Québec, Canada
61ec1a2468179997ebb42b51,Cozy Room w/ Office | The Plateau Mont-Royal,Apartment,2,81,Shane,Canada,Montreal,Montréal, Québec, Canada
61ec1a2468179997ebb42b52,Rustic Gaudí - Sagrada Família,Apartment,5,59,Elisabet,Spain,Barcelona,Barcelona, Catalonia, Spain
61ec1a2468179997ebb42b53,Chic 2BR in Festival Quarter by Sonder,Apartment,6,123,Sonder,Canada,Montreal,Montreal, QC, Canada
61ec1a2468179997ebb42b54,The Destination Loft Downtown Montreal #203,Loft,3,137,Daniel @ LoveMTL,Canada,Montreal,Montréal, Québec, Canada
61ec1a2468179997ebb42b55,Kowloon Mongkok 1812 Twin Room A, near station,Apartment,2,306,Man Ching Athena,Hong Kong,Hong Kong,Mongkok, Kowloon, Hong Kong
61ec1a2468179997ebb42b56,Peaceful hometown with perfect sea and forest view,Apartment,8,501,Emel,Turkey,Istanbul,Bakırköy, İstanbul, Turkey
61ec1a2468179997ebb42b57,Cottage in Haiku,Cottage,9,200,Kandide,United States,Maui,Maui County, HI, United States
61ec1a2668179997ebb42b58,MODERN CONDO WITH VIEW - GRIFFIN,Apartment,3,79,Manon,Canada,Montreal,Montréal, Québec, Canada
61ec1a2668179997ebb42b59,Apartamento Copa3 quartos 11pessoas,Apartment,11,298,Igor,Brazil,Rio De Janeiro,Rio de Janeiro, Rio de Janeiro, Brazil
61ec1a2668179997ebb42b5a,Newly Renovated Studio Midtown East,Apartment,4,239,Evan & Maria,United States,New York,New York, NY, United States
61ec1a2668179997ebb42b5b,Big Private BR Steps to Barnard Columbia & Subways,Apartment,2,128,Paul,United States,New York,New York, NY, United States
61ec1a2668179997ebb42b5c,Westin Kaanapali KORVN 2BR,Serviced apartment,8,595,Patty And Beckett,United States,Maui,Lahaina, HI, United States
61ec1a2668179997ebb42b5d,L'IDÉAL, ( à 2 min du métro Pie-IX ).,Apartment,4,85,William,Canada,Montreal,Montréal, Québec, Canada
61ec1a2668179997ebb42b5e,Stunning Oceanfront. Amazing Views. 2 Bed 2 Baths,Apartment,7,299,Rajeev,United States,Maui,Lahaina, HI, United States
61ec1a2668179997ebb42b5f,Mike's House- Uilani Room,House,2,88,Rina,United States,Maui,Paia, HI, United States
61ec1a2668179997ebb42b60,Large railroad style 3 bedroom apt in Manhattan!,Apartment,9,180,Vick,United States,New York,New York, NY, United States
61ec1a2668179997ebb42b61,Private Entrance - Backyard Summer Dining - Enjoy,Townhouse,2,110,Michelle,United States,New York,Brooklyn, NY, United States
61ec1a2668179997ebb42b62,Great studio opp. Narrabeen Lake,Apartment,2,117,Tracy,Australia,Sydney,Narrabeen, NSW, Australia
61ec1a2668179997ebb42b63,Grand apartment Sagrada Familia,Apartment,8,169,Alexandra Y Juan,Spain,Barcelona,Barcelona, Catalunya, Spain
61ec1a2668179997ebb42b64,DOUBLE ROOM IN THE HEART OF BCN,Apartment,2,25,Isabel,Spain,Barcelona,Barcelona, Catalonia, Spain
61ec1a2668179997ebb42b65,Monte dos Burgos - Cosy Room,House,2,26,Patrícia Sousa Casimiro,Portugal,Porto,Porto, Porto District, Portugal
61ec1a2668179997ebb42b66,Habitación centro de Barcelona,Apartment,2,40,Marián,Spain,Barcelona,Barcelona, Catalunya, Spain
61ec1a2668179997ebb42b67,Wander to the Beach from a Cozy Wailea Condo,Apartment,2,174,Tamara And Steve,United States,Maui,Kihei, HI, United States
61ec1a2668179997ebb42b68,Quiet Stylish Mosman Apartment,Apartment,2,90,Krythia,Australia,Sydney,Mosman, NSW, Australia
61ec1a2668179997ebb42b69,Large Studio with Harbour glimpses, City Fringe,Apartment,4,171,Andrea,Australia,Sydney,Darlinghurst, NSW, Australia
61ec1a2668179997ebb42b6a,Home, Sweet, Harlem. Welcome!,Apartment,3,110,Kevin,United States,New York,New York, NY, United States
61ec1a2668179997ebb42b6b,Feel like home,Apartment,2,55,Titi,Canada,Montreal,Montréal, Québec, Canada
61ec1a2668179997ebb42b6c,montreal monalisa,House,6,149,Kenny,Canada,Montreal,Montréal, Québec, Canada
61ec1a2668179997ebb42b6d,Condo tout équipé, 2 ch., paisible, près du métro,Apartment,4,75,Nathalie,Canada,Montreal,Montréal, Québec, Canada
61ec1a2668179997ebb42b6e,Quarto Taquara - Jacarepaguá,Apartment,2,101,Luana,Brazil,Rio De Janeiro,Rio de Janeiro, Rio de Janeiro, Brazil
61ec1a2668179997ebb42b6f,B. Arts IV,Apartment,2,50,OX Pedro & Nuno,Portugal,Porto,Porto, Porto, Portugal
61ec1a2668179997ebb42b70,❤️SUPERHOST-Single Ensuite Room@ 1min MTR,Guest suite,1,290,Jack,Hong Kong,Hong Kong,Hong Kong, Kowloon, Hong Kong
61ec1a2668179997ebb42b71,Cruisy apartment by the sea,Apartment,2,151,Dean,Australia,Sydney,Newport Beach, NSW, Australia
61ec1a2668179997ebb42b72,Private Cozy Bedroom in Brooklyn,Apartment,2,47,Karen,United States,New York,Brooklyn, NY, United States
61ec1a2668179997ebb42b73,Spacious, bright, central. AC. Rambla Catalunya,Serviced apartment,8,599,Yaiza,Spain,Barcelona,Barcelona, Catalunya, Spain
61ec1a2668179997ebb42b74,Taksim Square City Center !!!,Apartment,1,74,Memo,Turkey,Istanbul,Beyoğlu, İstanbul, Turkey
61ec1a2668179997ebb42b75,Sunny and quiet room with private shower room,Apartment,2,40,Montserrat,Spain,Barcelona,Barcelona, Catalunya, Spain
61ec1a2668179997ebb42b76,Charming urban 1 Bedroom apartment,Apartment,2,950,Alexandra ( Alex ),Hong Kong,Hong Kong,Hong Kong, Hong Kong Island, Hong Kong
61ec1a2668179997ebb42b77,Bondi-Tamarama BEACHFRONT Apartment,Apartment,6,390,Wayne & Kate,Australia,Sydney,Tamarama, NSW, Australia
61ec1a2668179997ebb42b78,Center of Istanbul, comfortable for family house,Townhouse,3,200,Erdem,Turkey,Istanbul,Şişli, İstanbul, Turkey
61ec1a2668179997ebb42b79,Oceanfront & Breath Taking Views.,Townhouse,6,230,Francesco,United States,Maui,Lahaina, HI, United States
61ec1a2668179997ebb42b7a,IPANEMA - EXCELLENT LOCATION !!!,Apartment,2,168,Marcela,Brazil,Rio De Janeiro,Rio de Janeiro, Rio de Janeiro, Brazil
61ec1a2668179997ebb42b7b,Ocean View Hawaiian Bungalow on a private ranch,Bungalow,4,469,Christie,United States,Maui,Hawi, HI, United States
61ec1a2668179997ebb42b7c,Um Quarto Aconchegante em Ipanema,Apartment,4,201,Teresa,Brazil,Rio De Janeiro,Rio de Janeiro, Rio de Janeiro, Brazil
61ec1a2668179997ebb42b7d,Beautiful 1 Bedroom Apartment,Apartment,2,997,Mai-Britt,Hong Kong,Hong Kong,Sheung Wan, Hong Kong Island, Hong Kong
61ec1a2668179997ebb42b7e,Family Matters | Historic Centre,Apartment,7,70,Tomás,Portugal,Porto,Porto, Porto, Portugal
61ec1a2668179997ebb42b7f,LUXURY! 3BR ,Bathtub, 1min MTR 4-9ppl,Apartment,9,1350,Wilson&Shan,Hong Kong,Hong Kong,Hong Kong, Hong Kong Island, Hong Kong
61ec1a2668179997ebb42b80,Downtown Exposed Brick Studio,Apartment,2,90,Tyler,Canada,Montreal,Montréal, Québec, Canada
61ec1a2668179997ebb42b81,Vacances de reve à Espinho (Porto),Apartment,6,45,Marie,Portugal,Porto,Espinho, Aveiro, Portugal
61ec1a2668179997ebb42b82,Large well-lit & quiet room in the Plateau,Apartment,3,35,Yannick,Canada,Montreal,Montréal, Québec, Canada
61ec1a2668179997ebb42b83,Your spot in Copacabana,Apartment,6,798,Ana Lúcia,Brazil,Rio De Janeiro,Rio de Janeiro, Rio de Janeiro, Brazil
61ec1a2668179997ebb42b84,Modern West Kowloon Based Apartment,Apartment,1,502,Govinda,Hong Kong,Hong Kong,Tai Kok Tsui, Kowloon, Hong Kong
61ec1a2668179997ebb42b85,Old Montreal.  ( Rent for at least 12 months),Condominium,2,149,Olga/Andrei,Canada,Montreal,Montreal, QC, Canada
61ec1a2668179997ebb42b86,Merkez'de Ferah BAHÇELİ DAİRE ! Sporsalonu/ 1+1,Serviced apartment,4,121,Irmak,Turkey,Istanbul,İstanbul, İstanbul, Turkey
61ec1a2668179997ebb42b87,2 bedroom Upper east side,Apartment,5,275,Chelsea,United States,New York,New York, NY, United States
61ec1a2668179997ebb42b88,A lovely cozy apartment near HKU,Apartment,2,518,Lucy,Hong Kong,Hong Kong,Hong Kong, Hong Kong Island, Hong Kong
61ec1a2668179997ebb42b89,Bundeena Garden Studio near beaches,Cabin,2,109,Belinda,Australia,Sydney,Bundeena, NSW, Australia
61ec1a2668179997ebb42b8a,Double Suite, with private bathroom.,Apartment,2,40,Eva,Spain,Barcelona,Barcelona, Catalunya, Spain
61ec1a2668179997ebb42b8b,20% off - Cozy Studio Near Subway with Wifi LT4,Apartment,2,573,Mark,Hong Kong,Hong Kong,Hong Kong, Hong Kong Island, Hong Kong
61ec1a2668179997ebb42b8c,João´s beach house,Apartment,4,49,João,Portugal,Porto,Leça da Palmeira, Porto, Portugal
61ec1a2668179997ebb42b8d,Newly and comfortable apt,Condominium,2,463,Michelle&May,Hong Kong,Hong Kong,香港, 九龍, Hong Kong
61ec1a2668179997ebb42b8e,great Terrace&lift city center,Apartment,5,58,Patricia,Spain,Barcelona,Barcelona, Catalonia, Spain
61ec1a2668179997ebb42b8f,Double room with private bathroom,Apartment,2,38,Sonia,Spain,Barcelona,Barcelona, CT, Spain
61ec1a2668179997ebb42b90,Nice room with queen sized bed,Apartment,1,30,Jen,Canada,Montreal,Montreal, QC, Canada
61ec1a2668179997ebb42b91,Central apartment in Almada street,Apartment,2,45,Rosa,Portugal,Porto,Porto, Porto, Portugal
61ec1a2668179997ebb42b92,Napili Ridge, Maui ~ J1 ~ Garden View,Apartment,2,132,Daniel & Debra,United States,Maui,Lahaina, HI, United States
61ec1a2668179997ebb42b93,Apart-hotel w/ Wonderful Ocean View - 2 bedrooms!!,Apartment,5,451,Aline,Brazil,Rio De Janeiro,Rio de Janeiro, Rio de Janeiro, Brazil
61ec1a2668179997ebb42b94,Jardim Botânico Gourmet 2 bdroom,Apartment,6,395,Roberta (Beta) Gatti,Brazil,Rio De Janeiro,Rio de Janeiro, RJ, Brazil
61ec1a2668179997ebb42b95,UWS Brownstone Near Central Park,Apartment,3,212,Chas,United States,New York,New York, NY, United States
61ec1a2668179997ebb42b96,Cozy bedroom Sagrada Familia,Apartment,2,20,Rapha,Spain,Barcelona,Barcelona, Catalunya, Spain
61ec1a2668179997ebb42b97,Near Airport private room, 2 bedroom granny flat**,Guest suite,2,60,Shuang,Australia,Sydney,Arncliffe, NSW, Australia
61ec1a2668179997ebb42b98,Vela Luxury Apartment HUTB-001280,Apartment,4,295,Schwarz,Spain,Barcelona,Barcelona, Catalunya, Spain
61ec1a2668179997ebb42b99,COMFORTABLE & COZY! MAUI BY DAY...RELAX AT NIGHT!!,Apartment,2,110,Ralph,United States,Maui,Wailuku, HI, United States
61ec1a2668179997ebb42b9a,Nice and sunny condo/Outremont,Apartment,4,115,Nicole,Canada,Montreal,Outremont, QC, Canada
61ec1a2668179997ebb42b9b,Midillis 202 (Double Room),Apartment,2,148,Kamuran,Turkey,Istanbul,Fatih, İstanbul, Turkey
61ec1a2668179997ebb42b9c,Charming apartment in Santa Teresa,Villa,5,209,Branca,Brazil,Rio De Janeiro,Rio de Janeiro, Rio de Janeiro, Brazil
61ec1a2668179997ebb42b9d,Green House in  Barra da Tijuca,House,5,701,Patricia,Brazil,Rio De Janeiro,Rio, Rio de Janeiro, Brazil
61ec1a2668179997ebb42b9e,City center private room with bed,Guesthouse,1,181,Yi,Hong Kong,Hong Kong,Hong Kong , 九龍, Hong Kong
61ec1a2668179997ebb42b9f,Nuevo espacioso apartamento en BCN,Apartment,8,320,Dimitry,Spain,Barcelona,Barcelona, Catalonia, Spain
61ec1a2668179997ebb42ba0,OportoBatalha  (by The HOST),Apartment,4,49,OportoBatalha,Portugal,Porto,Porto, Porto, Portugal
61ec1a2668179997ebb42ba1,Beautiful Apt, Tropical Resort, Steps to the Beach,Condominium,4,174,Anke,United States,Maui,Kihei, HI, United States
61ec1a2668179997ebb42ba2,The Porto Concierge - White Martin,Apartment,3,50,Isabel E Fernando,Portugal,Porto,Porto, Porto, Portugal
61ec1a2668179997ebb42ba3,Newly renovated + Explore like local,Apartment,6,997,Wilson,Hong Kong,Hong Kong,Hong Kong, Hong Kong Island, Hong Kong
61ec1a2668179997ebb42ba4,Trendy Bright Loft in The Plateau,Loft,4,75,Colvin,Canada,Montreal,Montréal, QC, Canada
61ec1a2668179997ebb42ba5,Appartment 5 minutes walk from the beach,Apartment,2,139,Gwennaelle,Australia,Sydney,Bondi Beach, NSW, Australia
61ec1a2668179997ebb42ba6,Mike's House- Hina Room,House,2,95,Rina,United States,Maui,Paia, HI, United States
61ec1a2668179997ebb42ba7,The charming blue suite - Copacabana,Townhouse,2,101,Sergio,Brazil,Rio De Janeiro,Rio de Janeiro, Rio de Janeiro, Brazil
61ec1a2668179997ebb42ba8,A bedroom far away from home,Apartment,2,45,Lane,United States,New York,Queens, NY, United States
61ec1a2668179997ebb42ba9,Thriving city location, dining hub,Apartment,4,200,Sabrina,Australia,Sydney,Pyrmont, Australia
61ec1a2668179997ebb42baa,Ribeira Smart Flat,Apartment,6,80,Mathieu,Portugal,Porto,Porto, Porto, Portugal
61ec1a2668179997ebb42bab,A GEM IN THE HEART  OF BYZANTINE  ISTANBUL,Apartment,4,385,Chronis,Turkey,Istanbul,Beyoğlu, İstanbul, Turkey
61ec1a2668179997ebb42bac,Ranch Abode Loft in Bushwick,Loft,4,99,Shannon,United States,New York,Brooklyn, NY, United States
61ec1a2668179997ebb42bad,Bright room in Spacious house close to Airport,Apartment,2,45,Angela,Australia,Sydney,Monterey, NSW, Australia
61ec1a2668179997ebb42bae,Great location in Barcelona,Apartment,5,31,Marina E Mickael,Spain,Barcelona,Barcelona, Catalunya, Spain
61ec1a2668179997ebb42baf,Quarto de Casal em Ipanema,Apartment,2,149,Gabriela,Brazil,Rio De Janeiro,Rio de Janeiro, Rio de Janeiro, Brazil
61ec1a2668179997ebb42bb0,Ultra Comfy Flat & Perfect Location,Apartment,2,195,Pelin,Turkey,Istanbul,Beyoğlu, İstanbul, Turkey
61ec1a2668179997ebb42bb1,B & B  Room Yoga Garden's Place,House,4,25,Aurora,Portugal,Porto,Porto, Porto, Portugal
61ec1a2668179997ebb42bb2,Cosy rooms close to the metro and the River,Apartment,5,50,Alexia & Denis,Canada,Montreal,Montréal, Québec, Canada
61ec1a2668179997ebb42bb3,BEST REVIEWS*BEST MALLS*SAFE STAY*DIMSUM*CWB*MTR,Apartment,8,1492,Susann,Hong Kong,Hong Kong,Causeway Bay, Hong Kong
61ec1a2668179997ebb42bb4,Wellyet Guest House@Room 2,Apartment,2,267,Natalie,Hong Kong,Hong Kong,Tsim Sha Tsui, Kowloon, Hong Kong
61ec1a2668179997ebb42bb5,Cozy Nest, heart of the Plateau,Apartment,1,34,Lilou,Canada,Montreal,Montreal, QC, Canada
61ec1a2668179997ebb42bb6,Spacious and well located apartment,Apartment,6,60,Andre,Portugal,Porto,Porto, Porto, Portugal
61ec1a2668179997ebb42bb7,Surry Hills Studio - Your Perfect Base in Sydney,Apartment,2,181,Ben,Australia,Sydney,Surry Hills, NSW, Australia
61ec1a2668179997ebb42bb8,* Room Taste of Real İstanbul,Boutique hotel,2,84,Alihan,Turkey,Istanbul,Fatih , İstanbul, Turkey
61ec1a2668179997ebb42bb9,INSTAGRAM HOME *MTR*ELEMENT MALL*NEW TRAIN KOWLOON,Apartment,9,1562,Jessa Marie,Hong Kong,Hong Kong,Kowloon, Hong Kong, Hong Kong
61ec1a2668179997ebb42bba,New 1BD Condo in Napili Ridge, Walk to Beach,Apartment,3,99,Linda-Lee,United States,Maui,Lahaina, HI, United States
61ec1a2668179997ebb42bbb,Small Room w Bathroom Flamengo Rio de Janeiro,Apartment,1,71,Fernanda,Brazil,Rio De Janeiro,Rio de Janeiro, Rio de Janeiro, Brazil
61ec1a2768179997ebb42bbc,The Porto Concierge - White Dove,House,6,60,José,Portugal,Porto,Vila Nova de Gaia, Porto, Portugal
61ec1a2768179997ebb42bbd,Studio convenient to CBD, beaches, street parking.,Guest suite,5,45,Leslie,Australia,Sydney,Balgowlah, NSW, Australia
61ec1a2768179997ebb42bbe,Room w private toilet 3 min to MTR!,Condominium,2,447,Joanna,Hong Kong,Hong Kong,Quarry Bay, Hong Kong Island, Hong Kong
61ec1a2768179997ebb42bbf,TPC - Antero Quental Residence - Amalia Apartment,Apartment,4,109,Carlos,Portugal,Porto,Porto, Porto, Portugal
61ec1a2768179997ebb42bc0,+Spacious Studio&Kitchenette near Blue Mosque+,Apartment,5,264,Kadirga,Turkey,Istanbul,Fatih, İstanbul, Turkey
61ec1a2768179997ebb42bc1,Ideal para famílias!Muita segurança,Apartment,6,131,Augusto,Brazil,Rio De Janeiro,Rio de Janeiro, Rio de Janeiro, Brazil
61ec1a2768179997ebb42bc2,Most laid back-quiet place in HK,Apartment,2,220,Felipe,Hong Kong,Hong Kong,Kennedy Town, Hong Kong Island, Hong Kong
61ec1a2768179997ebb42bc3,1+1 (4 PERSON) Flat in Central İstanbul,Apartment,4,475,Mehmet Cihan,Turkey,Istanbul,İstanbul, Istanbul, Turkey
61ec1a2768179997ebb42bc4,Triple room Barcelona Guell park,Condominium,3,40,Núria,Spain,Barcelona,Barcelona, Catalonia, Spain
61ec1a2768179997ebb42bc5,Luxury Style Space: ideal for short or longterm!,Apartment,3,38,Dellasie,United States,New York,Brooklyn , NY, United States
61ec1a2768179997ebb42bc6,Mouzinho 244 Ap4 by RUA Apartments,Apartment,4,60,Manuela,Portugal,Porto,Porto, Porto, Portugal
61ec1a2768179997ebb42bc7,causeway bay MTR+Tidy Quad room&YT,Apartment,4,597,Danny,Hong Kong,Hong Kong,铜锣湾, 香港岛, Hong Kong
61ec1a2768179997ebb42bc8,The Garden Studio,Guesthouse,2,129,Cath,Australia,Sydney,Marrickville, NSW, Australia
61ec1a2768179997ebb42bc9,Friendly Apartment, 10m from Manly,Apartment,2,36,Isaac,Australia,Sydney,Fairlight, NSW, Australia
61ec1a2768179997ebb42bca,Nice condo close to the subway,Apartment,4,89,Jason,Canada,Montreal,Montréal, QC, Canada
61ec1a2768179997ebb42bcb,Apartamento en casco antiguo,Apartment,4,55,Luis,Spain,Barcelona,Barcelona, Catalunya, Spain
61ec1a2768179997ebb42bcc,DOUBLE ROOM (1 or 2 people),Apartment,2,27,Nahuel,Spain,Barcelona,Barcelona, Catalonia, Spain
61ec1a2768179997ebb42bcd,Conveniently Located, Sunny Brooklyn Heights!,Apartment,2,150,LuLu,United States,New York,Brooklyn, NY, United States
61ec1a2768179997ebb42bce,Be Happy in Porto,Loft,2,30,Fábio,Portugal,Porto,Porto, Porto, Portugal
61ec1a2768179997ebb42bcf,Inner City Spacious Loft- City View,House,2,80,Paul,Australia,Sydney,Redfern, NSW, Australia
61ec1a2768179997ebb42bd0,sunny 2 bedroom close to Bosphorus,Apartment,1,100,Gülder,Turkey,Istanbul,Beşiktaş, İstanbul, Turkey
61ec1a2768179997ebb42bd1,Tamarama Penthouse apartment,Apartment,7,225,Lizzy,Australia,Sydney,Tamarama, NSW, Australia
61ec1a2768179997ebb42bd2,Rent All Apartament (100m²) netx to BRT station,Loft,2,239,Kayanh,Brazil,Rio De Janeiro,Rio de Janeiro, Rio de Janeiro, Brazil
61ec1a2768179997ebb42bd3,Minimalist Rooms in BCN, live it.,Loft,4,115,Oscar Jose,Spain,Barcelona,Barcelona, Catalunya, Spain
61ec1a2768179997ebb42bd4,Casa da Porta Amarela,Apartment,5,45,Sissa,Portugal,Porto,Porto, Porto, Portugal
61ec1a2768179997ebb42bd5,CHARMING PRACTICAL RELAXING IPANEMA,Apartment,3,280,Christine,Brazil,Rio De Janeiro,Rio de Janeiro, Rio de Janeiro, Brazil
61ec1a2768179997ebb42bd6,Charming apartment in Plateau Mont Royal,Apartment,4,75,Emilie,Canada,Montreal,Montréal, Québec, Canada
61ec1a2768179997ebb42bd7,Habitacion Cama Doble  en Vila Olimpica .,Apartment,1,29,Katia Núñez Herrera,Spain,Barcelona,Barcelona, Catalunya, Spain
61ec1a2768179997ebb42bd8,Perfect Williamsburg Summer Haven,Apartment,2,125,Holly,United States,New York,Brooklyn, NY, United States
61ec1a2768179997ebb42bd9,A Casa Alegre é um apartamento T1.,Apartment,2,40,Manuela,Portugal,Porto,Vila do Conde, Porto, Portugal
61ec1a2768179997ebb42bda,MySweetHomePT,Apartment,4,35,Alexandra,Portugal,Porto,Porto, Portugal
61ec1a2768179997ebb42bdb,Cute studio with Sydney Harbour Bridge views!,Apartment,2,100,Millie,Australia,Sydney,North Sydney, NSW, Australia
61ec1a2768179997ebb42bdc,Cozy house at Beyoğlu,Apartment,2,58,Ali,Turkey,Istanbul,Beyoğlu, İstanbul, Turkey
61ec1a2768179997ebb42bdd,Ribeira Charming Duplex,House,8,80,Ana&Gonçalo,Portugal,Porto,Porto, Porto, Portugal
61ec1a2768179997ebb42bde,King Size Private Bedroom in Surry Hills,House,2,100,Hayley,Australia,Sydney,Surry Hills, NSW, Australia
61ec1a2768179997ebb42bdf,➳ Logement  4 1/2 Rosemont ❤️,Apartment,1,40,Rebekah,Canada,Montreal,Montréal, Québec, Canada
61ec1a2768179997ebb42be0,Casa "Voltaria", o desejo de voltar,Apartment,4,120,Fatima,Portugal,Porto,Vila Nova de Gaia, Porto, Portugal
61ec1a2768179997ebb42be1,Casa S. Miguel 6 - The Yellow House,Townhouse,8,150,Ana,Portugal,Porto,Porto, Porto, Portugal
61ec1a2768179997ebb42be2,Designer's Historical Apartment,Apartment,2,385,Pia,Turkey,Istanbul,Istanbul, Istanbul Province, Turkey
61ec1a2768179997ebb42be3,In Sisli. Walking distance to Taksim,Nişantaşı.,Apartment,1,142,Gokce,Turkey,Istanbul,Şişli, İstanbul, Turkey
61ec1a2768179997ebb42be4,Penthouse with stunning 600 sq ft roof terrace,Apartment,2,1751,Barbara,Hong Kong,Hong Kong,Hong Kong, Hong Kong Island, Hong Kong
61ec1a2768179997ebb42be5,Appartement lumineux , Terrasse privée sur le toît,Apartment,2,38,Jonathan,Canada,Montreal,Montréal, Québec, Canada
61ec1a2768179997ebb42be6,Au cœur de la Petite Patrie,Apartment,6,115,Zoé,Canada,Montreal,Montréal, QC, Canada
61ec1a2768179997ebb42be7,Charming StanleyBeachFlat w/rooftop,Apartment,4,1303,Marcos,Hong Kong,Hong Kong,Hong Kong, Hong Kong Island, Hong Kong
61ec1a2768179997ebb42be8,Cozy Queen Guest Room&My,Apartment,2,330,Danny,Hong Kong,Hong Kong,Hong Kong, Kowloon, Hong Kong
61ec1a2768179997ebb42be9,Renovated Classic Design Studio with Sun Room,Apartment,3,58,Maribel Monzo,Portugal,Porto,Porto, Porto, Portugal
61ec1a2768179997ebb42bea,Roof Top Terrace,Loft,4,221,Zenka,Turkey,Istanbul,Cihangir-Beyoglu , İstanbul, Turkey
61ec1a2768179997ebb42beb,SUİTE ROOM 2 or 3 people WİTH TERRACE,Serviced apartment,3,264,Muro,Turkey,Istanbul,Fatih, Istanbul, Turkey
61ec1a2768179997ebb42bec,Charmante chambre - Berri Uqam,Apartment,2,40,Maëlle,Canada,Montreal,Montréal, Québec, Canada
61ec1a2768179997ebb42bed,MODERN DESIGNED STUDIO APARTMENT IN TAKSIM PLACE,Boutique hotel,2,127,Pelin,Turkey,Istanbul,Beyoğlu, Istanbul, Turkey
61ec1a2768179997ebb42bee,VERY LARGE 5 Bedroom Home, free onsite parking,Apartment,10,550,Victoria,Australia,Sydney,McMahons Point, NSW, Australia
61ec1a2768179997ebb42bef,Lovely ap at Leblon beach,Apartment,5,298,Sonia,Brazil,Rio De Janeiro,Rio de Janeiro, Rio de Janeiro, Brazil
61ec1a2768179997ebb42bf0,Spacious bedroom with a trundle bed in Botafogo,House,2,317,Ana Rita,Brazil,Rio De Janeiro,Rio de Janeiro, Rio de Janeiro, Brazil
61ec1a2768179997ebb42bf1,Copacabana Apartment Posto 6,Apartment,4,119,Ana Valéria,Brazil,Rio De Janeiro,Rio de Janeiro, Rio de Janeiro, Brazil
61ec1a2768179997ebb42bf2,The Porto Concierge - Bouganvillea Oporto Flat,Apartment,4,65,Edgar,Portugal,Porto,Porto, Porto, Portugal
61ec1a2768179997ebb42bf3,Large Duplex in Midtown East with backyard!,Apartment,7,350,Boris,United States,New York,New York, NY, United States
61ec1a2768179997ebb42bf4,ECONOMIC APARTMENT,Apartment,2,269,Atilla,Turkey,Istanbul,Beyoğlu, İstanbul, Turkey
61ec1a2768179997ebb42bf5,2 BR Oceanview - Great Location!,Condominium,5,200,Jennifer,United States,Maui,Kihei, HI, United States
61ec1a2768179997ebb42bf6,Adorable Garden Gingerbread House,Cottage,2,175,Eve,United States,Maui,Makawao, HI, United States
61ec1a2768179997ebb42bf7,enjoy nature in Istanbul,House,4,359,Sanem,Turkey,Istanbul,büyükada, İstanbul, Turkey
